{"categories": ["strawberry", "strawberry", "apple", "bowl"], "poses": [[[0.3998346427493657, -0.061039253664019355, 0.03369350325382502], [0.0, 0.0, 0.09844639678882883, 0.9951423551227716]], [[0.38665893829389386, -0.2754178176462955, 0.03369350325382502], [0.0, 0.0, -0.9571648284123186, 0.28954359127844065]], [[0.5185985938742923, 0.10395996704776445, 0.04932873269789444], [0.0, 0.0, -0.17050331454340673, 0.9853571026433575]], [[0.3515169915873912, 0.29913723518924085, 0.040450847896344455], [0.0, 0.0, 0.9697255839483316, 0.2441972396159858]]], "scales": [1.0, 1.0, 1.0, 1.5]}