{"categories": ["lemon", "baseball", "baseball", "bowl"], "poses": [[[0.5874576071591667, 0.07758792932907371, 0.03892453357771336], [0.0, 0.0, 0.09345084528283958, 0.9956238946087639]], [[0.6716708984123514, 0.0348728553374425, 0.04871664754024594], [0.0, 0.0, 0.9903129633195423, 0.13885328473344427]], [[0.6881225815753669, -0.3569624484613547, 0.04871664754024594], [0.0, 0.0, 0.7318132377478272, 0.6815052347979742]], [[0.39950416651330467, -0.18370952296360032, 0.04045084789634446], [0.0, 0.0, 0.5424178014176374, 0.8401088790777399]]], "scales": [1.0, 1.0, 1.0, 1.5]}