{"categories": ["apple", "racquetball", "baseball", "bowl"], "poses": [[[0.6001757344676102, -0.008179593993178691, 0.04932873269789444], [0.0, 0.0, 0.28079219255161114, 0.9597685890890882]], [[0.3710763582392677, -0.026416784483511258, 0.040207138374512126], [0.0, 0.0, 0.0833987407543874, 0.9965162567869039]], [[0.5062010959565321, -0.18992805113371727, 0.04871664754024594], [0.0, 0.0, 0.07681850057111109, 0.9970450932480467]], [[0.3977335858164637, 0.2433009353821236, 0.04045084789634446], [0.0, 0.0, 0.7552927640538629, 0.6553875499030141]]], "scales": [1.0, 1.0, 1.0, 1.5]}