{"categories": ["strawberry", "racquetball", "tennis_ball", "bowl"], "poses": [[[0.526023987382778, 0.05076663539611531, 0.03369350325382502], [0.0, 0.0, -0.6217624583031665, 0.7832058767940925]], [[0.38701243833589805, -0.2400198250240676, 0.040207138374512126], [0.0, 0.0, -0.7686181156382677, 0.6397078960843602]], [[0.47924662085731257, 0.38817483430132027, 0.04550262061270901], [0.0, 0.0, -0.1221227873321702, 0.9925149997930618]], [[0.5904717857883228, 0.31632796390798634, 0.040450847896344455], [0.0, 0.0, 0.3007821177576374, 0.9536928843381557]]], "scales": [1.0, 1.0, 1.0, 1.5]}