{"categories": ["apple", "racquetball", "baseball", "bowl"], "poses": [[[0.5156511034331994, 0.2998450108898957, 0.04932873269789444], [0.0, 0.0, 0.5706741411285005, 0.8211766099002386]], [[0.3865325142964664, -0.1247653428021292, 0.040207138374512126], [0.0, 0.0, -0.19871753420082625, 0.9800568052930113]], [[0.32032396103653954, -0.001768436015746666, 0.04871664754024594], [0.0, 0.0, 0.7309303897886824, 0.6824520241624057]], [[0.5394703101340068, -0.22383931807385676, 0.040450847896344455], [0.0, 0.0, 0.71761786804602, 0.6964370721472867]]], "scales": [1.0, 1.0, 1.0, 1.5]}