{"categories": ["strawberry", "tennis_ball", "baseball", "bowl"], "poses": [[[0.5014431719698641, -0.09737710548391432, 0.03369350325382502], [0.0, 0.0, -0.8212671266377135, 0.5705438692197418]], [[0.433708731975581, -0.07998135486871127, 0.04550262061270901], [0.0, 0.0, -0.8977130375949542, 0.44058064203053715]], [[0.3057542902744105, -0.00012021723345601032, 0.04871664754024594], [0.0, 0.0, 0.8712954408303663, 0.49075885604665115]], [[0.4911661491309375, -0.35325368820115827, 0.040450847896344455], [0.0, 0.0, -0.8521865269070581, 0.5232381134417542]]], "scales": [1.0, 1.0, 1.0, 1.5]}