{"categories": ["lemon", "strawberry", "racquetball", "bowl"], "poses": [[[0.48280622504083803, 0.3090989397529479, 0.03892453357771336], [0.0, 0.0, 0.1768957804828274, 0.9842295884839936]], [[0.5560467874843845, -0.000860320381986468, 0.03369350325382502], [0.0, 0.0, 0.4811794138411176, 0.8766221373519599]], [[0.33123227543771255, 0.117651334283697, 0.040207138374512126], [0.0, 0.0, -0.7475616347006938, 0.6641924437417415]], [[0.5506049039684111, -0.23487556438950544, 0.04045084789634446], [0.0, 0.0, 0.7865450344343571, 0.6175329212330757]]], "scales": [1.0, 1.0, 1.0, 1.5]}