{"categories": ["lemon", "apple", "baseball", "bowl"], "poses": [[[0.4267117871455867, -0.36716979402449423, 0.03892453357771336], [0.0, 0.0, -0.20870312022918958, 0.9779790425191127]], [[0.4150722272724692, 0.3305044892389638, 0.04932873269789443], [0.0, 0.0, -0.8508669537925628, 0.5253812205853622]], [[0.3467597576701607, -0.2043994674899551, 0.04871664754024593], [0.0, 0.0, 0.9296107387365596, 0.36854290717047844]], [[0.655714233513448, -0.29666595012885466, 0.040450847896344455], [0.0, 0.0, 0.11918323138690225, 0.9928722764566327]]], "scales": [1.0, 1.0, 1.0, 1.5]}