{"categories": ["strawberry", "lemon", "baseball", "bowl"], "poses": [[[0.4513191611666598, 0.250472205460874, 0.03369350325382502], [0.0, 0.0, 0.5512739741707041, 0.8343242807218533]], [[0.5733647112182909, 0.15015244138705697, 0.03892453357771336], [0.0, 0.0, 0.9920732862444267, 0.1256606331361729]], [[0.6099616716916278, 0.28500045438582666, 0.04871664754024594], [0.0, 0.0, -0.7536705518894584, 0.6572523862373109]], [[0.38629573911631865, -0.18919763448442808, 0.040450847896344455], [0.0, 0.0, 0.335745640321702, 0.9419526872433511]]], "scales": [1.0, 1.0, 1.0, 1.5]}