{"categories": ["strawberry", "lemon", "lemon", "bowl"], "poses": [[[0.5657457394555545, -0.15075113520127223, 0.03369350325382502], [0.0, 0.0, 0.8556284695071225, 0.5175904965983237]], [[0.5509905641835675, 0.32573067199856787, 0.03892453357771336], [0.0, 0.0, -0.9960925561294282, 0.08831545517938519]], [[0.3339091009432046, 0.09861640240194192, 0.03892453357771336], [0.0, 0.0, 0.8106477048413275, 0.585534199373092]], [[0.33224314481554296, -0.22606667736091923, 0.04045084789634446], [0.0, 0.0, 0.030292712585808134, 0.9995410704739419]]], "scales": [1.0, 1.0, 1.0, 1.5]}