{"categories": ["apple", "apple", "racquetball", "bowl"], "poses": [[[0.6781058106712736, -0.21327967186228802, 0.04932873269789444], [0.0, 0.0, 0.5967107916464831, 0.8024563733516156]], [[0.6842403375300458, -0.35484022747506994, 0.04932873269789444], [0.0, 0.0, 0.3355099224162628, 0.9420366723011548]], [[0.4328749689749523, -0.05967171293729068, 0.040207138374512126], [0.0, 0.0, 0.21907646927688132, 0.9757076921953499]], [[0.6541419305213996, 0.37028321450920376, 0.04045084789634446], [0.0, 0.0, 0.3588362743784908, 0.933400518636113]]], "scales": [1.0, 1.0, 1.0, 1.5]}