{"categories": ["strawberry", "racquetball", "tennis_ball", "bowl"], "poses": [[[0.6580777767843746, 0.07968238670052513, 0.03369350325382502], [0.0, 0.0, -0.9981155678698989, 0.06136214774394223]], [[0.6435422875384891, 0.238968291845306, 0.040207138374512126], [0.0, 0.0, 0.7605176910715361, 0.6493172118211713]], [[0.4308833569530634, -0.38960725890462033, 0.04550262061270901], [0.0, 0.0, -0.9202962895007925, 0.3912221102277754]], [[0.5160124227860178, -0.2333496472385689, 0.04045084789634446], [0.0, 0.0, 0.6702892609376435, 0.742099930381123]]], "scales": [1.0, 1.0, 1.0, 1.5]}