{"categories": ["strawberry", "lemon", "tennis_ball", "bowl"], "poses": [[[0.384464556493788, 0.11523526598656264, 0.03369350325382502], [0.0, 0.0, 0.9645220977813497, 0.264002126679814]], [[0.41107556915872245, -0.13423312296412188, 0.03892453357771336], [0.0, 0.0, 0.19969174807600523, 0.9798587682673199]], [[0.46404170945315953, -0.16994170206901407, 0.04550262061270901], [0.0, 0.0, -0.5101620346657605, 0.8600783094496055]], [[0.5923765904835465, 0.31235594236796704, 0.04045084789634446], [0.0, 0.0, 0.9071275840932075, 0.42085573083566385]]], "scales": [1.0, 1.0, 1.0, 1.5]}