{"categories": ["lemon", "lemon", "apple", "bowl"], "poses": [[[0.43037741556386183, 0.2054765852191428, 0.03892453357771336], [0.0, 0.0, -0.5824927028597217, 0.8128359312402326]], [[0.5082291296762573, -0.2632675977561627, 0.03892453357771336], [0.0, 0.0, -0.22682236115642324, 0.9739361459969669]], [[0.35380385010896775, -0.03874318913897945, 0.04932873269789444], [0.0, 0.0, -0.8598331170427451, 0.5105751764789953]], [[0.5716242716649342, -0.13973187660865233, 0.040450847896344455], [0.0, 0.0, 0.7801831470963286, 0.625551162565356]]], "scales": [1.0, 1.0, 1.0, 1.5]}