{"categories": ["lemon", "apple", "strawberry", "bowl"], "poses": [[[0.6522459270960412, -0.10724764104913842, 0.03892453357771336], [0.0, 0.0, -0.7682045290750065, 0.6402044997566385]], [[0.5368278845646807, -0.36485961144920775, 0.04932873269789444], [0.0, 0.0, -0.9913077076280523, 0.13156378223970286]], [[0.4700461154023927, 0.07538368399106526, 0.03369350325382502], [0.0, 0.0, -0.10449580923499784, 0.9945253269034042]], [[0.564679742921896, 0.15250571577842975, 0.04045084789634446], [0.0, 0.0, 0.6029333482823268, 0.7977915627086203]]], "scales": [1.0, 1.0, 1.0, 1.5]}