{"categories": ["apple", "strawberry", "strawberry", "bowl"], "poses": [[[0.34912529215069665, -0.3873716108459859, 0.04932873269789444], [0.0, 0.0, 0.33961747610295734, 0.9405636448031878]], [[0.3134778069925566, -0.17653681586065587, 0.03369350325382502], [0.0, 0.0, -0.5802152212240489, 0.8144631956447927]], [[0.6112287188861414, -0.041091988064402174, 0.03369350325382502], [0.0, 0.0, 0.9973577160068544, 0.07264699802187784]], [[0.6659909534379567, 0.2614252915785523, 0.04045084789634446], [0.0, 0.0, -0.6538754166608689, 0.7566022333343824]]], "scales": [1.0, 1.0, 1.0, 1.5]}