{"categories": ["lemon", "strawberry", "strawberry", "bowl"], "poses": [[[0.6534690908054042, 0.25105280177063904, 0.03892453357771336], [0.0, 0.0, -0.8609332950449654, 0.5087178603931836]], [[0.49585468220743234, -0.08204089194189645, 0.03369350325382502], [0.0, 0.0, 0.9982306576821536, 0.05946052525377747]], [[0.6029971613466346, -0.29642881901364454, 0.03369350325382502], [0.0, 0.0, 0.8697737343690949, 0.4934507584365832]], [[0.4183555111467101, -0.2304996466354158, 0.04045084789634446], [0.0, 0.0, -0.99975559328948, 0.02210777434297592]]], "scales": [1.0, 1.0, 1.0, 1.5]}