{"categories": ["lemon", "strawberry", "lemon", "bowl"], "poses": [[[0.3455855823269889, -0.17466275091849381, 0.03892453357771336], [0.0, 0.0, 0.44827213874792926, 0.8938971359291612]], [[0.653517040526195, 0.3374728002858359, 0.03369350325382502], [0.0, 0.0, 0.7662198401554655, 0.6425785217015373]], [[0.6763934061456236, -0.15939059180619877, 0.03892453357771337], [0.0, 0.0, -0.636600505318768, 0.7711937477883811]], [[0.506689926164948, -0.3872243603962517, 0.04045084789634446], [0.0, 0.0, -0.9849259866165465, 0.17297630151966606]]], "scales": [1.0, 1.0, 1.0, 1.5]}