{"categories": ["apple", "tennis_ball", "racquetball", "bowl"], "poses": [[[0.6835687473151917, 0.23988888735939617, 0.04932873269789444], [0.0, 0.0, 0.4150594409591999, 0.9097942956903151]], [[0.591550259578767, 0.24488071371547415, 0.04550262061270901], [0.0, 0.0, 0.8921751681194175, 0.4516895719308661]], [[0.6389239468970359, 0.3604353146896444, 0.040207138374512126], [0.0, 0.0, 0.9993182176138578, 0.036920183437552136]], [[0.33383166909366246, 0.01017738573353083, 0.040450847896344455], [0.0, 0.0, -0.6374179106261113, 0.7705182718229613]]], "scales": [1.0, 1.0, 1.0, 1.5]}