{"categories": ["lemon", "apple", "tennis_ball", "bowl"], "poses": [[[0.5045230309350341, 0.3308861301580378, 0.03892453357771336], [0.0, 0.0, -0.5540308141944434, 0.8324961603052846]], [[0.5736022097090889, -0.08409455929293025, 0.04932873269789444], [0.0, 0.0, 0.5408771612607991, 0.8411015969705797]], [[0.36493842486384553, -0.1861666225025596, 0.04550262061270901], [0.0, 0.0, -0.988713172010926, 0.14982077123047075]], [[0.32032508970119966, 0.25170446264231827, 0.040450847896344455], [0.0, 0.0, 0.07401030896724942, 0.9972574763653428]]], "scales": [1.0, 1.0, 1.0, 1.5]}